id,proof
17,1
26,10
27,11
41,12
42,13
18,2
19,3
20,4
21,5
22,6
23,7
24,8
25,9
29,1
38,10
39,11
40,12
43,13
30,2
31,3
32,4
33,5
34,6
35,7
36,8
37,9
112,1
157,10
162,11
167,12
172,13
177,14
182,15
117,2
122,3
127,4
132,5
137,6
142,7
147,8
152,9
113,1
158,10
163,11
168,12
173,13
178,14
183,15
118,2
123,3
128,4
133,5
138,6
143,7
148,8
153,9
114,1
159,10
164,11
169,12
174,13
179,14
184,15
119,2
124,3
129,4
134,5
139,6
144,7
149,8
154,9
115,1
160,10
165,11
170,12
175,13
180,14
185,15
120,2
125,3
130,4
135,5
140,6
145,7
150,8
155,9
116,1
161,10
166,11
171,12
176,13
181,14
186,15
121,2
126,3
131,4
136,5
141,6
146,7
151,8
156,9
